Zipcode,2021-01,2021-02,2021-03,2021-04,2021-05,2021-06,2021-07,2021-08,2021-09,2021-10,2021-11,2021-12,2022-01,2022-02,2022-03,2022-04,2022-05,2022-06,2022-07,2022-08,2022-09,2022-10,2022-11,2022-12,2023-01,2023-02,2023-03,2023-04,2023-05,2023-06,2023-07,2023-08,2023-09,2023-10,2023-11,2023-12,2024-01
77002.0,0.0,0.0,0.0,0.0,3.0,0.0,0.0,2.0,0.0,0.0,1.0,0.0,0.0,0.0,0.0,0.0,0.0,0.0,0.0,0.0,0.0,1.0,0.0,2.0,0.0,1.0,0.0,0.0,1.0,0.0,0.0,0.0,0.0,0.0,0.0,2.0,1.0
77003.0,0.0,0.0,0.0,2.0,2.0,2.0,5.0,1.0,1.0,0.0,1.0,3.0,3.0,1.0,1.0,1.0,3.0,1.0,1.0,0.0,1.0,1.0,1.0,2.0,2.0,1.0,3.0,0.0,4.0,2.0,5.0,3.0,1.0,1.0,2.0,2.0,3.0
77004.0,0.0,0.0,0.0,1.0,0.0,2.0,0.0,1.0,2.0,1.0,2.0,2.0,1.0,3.0,4.0,3.0,0.0,0.0,0.0,0.0,1.0,1.0,1.0,4.0,0.0,1.0,1.0,4.0,0.0,0.0,2.0,1.0,1.0,2.0,0.0,3.0,4.0
77005.0,0.0,0.0,0.0,0.0,0.0,0.0,0.0,0.0,0.0,0.0,0.0,0.0,0.0,0.0,0.0,0.0,0.0,0.0,0.0,0.0,1.0,0.0,0.0,1.0,0.0,0.0,0.0,1.0,1.0,0.0,1.0,0.0,0.0,0.0,0.0,2.0,0.0
77006.0,0.0,0.0,0.0,0.0,0.0,1.0,1.0,1.0,1.0,0.0,2.0,0.0,0.0,4.0,2.0,1.0,1.0,2.0,0.0,2.0,1.0,1.0,1.0,1.0,4.0,4.0,1.0,2.0,1.0,0.0,2.0,1.0,0.0,1.0,3.0,1.0,4.0
77007.0,0.0,0.0,0.0,5.0,0.0,1.0,0.0,2.0,1.0,0.0,2.0,3.0,1.0,1.0,7.0,1.0,2.0,1.0,2.0,2.0,0.0,1.0,1.0,3.0,7.0,1.0,2.0,1.0,0.0,3.0,0.0,1.0,2.0,1.0,2.0,0.0,4.0
77008.0,0.0,0.0,0.0,2.0,2.0,1.0,1.0,0.0,0.0,1.0,2.0,6.0,2.0,2.0,0.0,2.0,1.0,2.0,1.0,1.0,2.0,4.0,3.0,1.0,2.0,2.0,1.0,2.0,1.0,1.0,2.0,0.0,0.0,2.0,3.0,1.0,3.0
77009.0,0.0,0.0,0.0,6.0,4.0,4.0,6.0,4.0,1.0,0.0,0.0,4.0,4.0,2.0,5.0,0.0,4.0,0.0,0.0,2.0,1.0,1.0,2.0,4.0,5.0,4.0,4.0,5.0,7.0,6.0,1.0,2.0,0.0,2.0,2.0,4.0,5.0
77011.0,0.0,1.0,0.0,2.0,4.0,2.0,0.0,0.0,0.0,8.0,2.0,2.0,1.0,1.0,5.0,2.0,3.0,0.0,2.0,1.0,1.0,2.0,1.0,5.0,4.0,3.0,3.0,1.0,2.0,2.0,0.0,0.0,1.0,2.0,3.0,3.0,8.0
77012.0,0.0,0.0,0.0,0.0,2.0,0.0,0.0,1.0,1.0,2.0,0.0,6.0,0.0,2.0,6.0,2.0,1.0,0.0,0.0,0.0,1.0,2.0,0.0,0.0,9.0,3.0,2.0,1.0,1.0,0.0,0.0,0.0,3.0,0.0,2.0,5.0,0.0
77013.0,0.0,0.0,0.0,0.0,0.0,2.0,2.0,0.0,0.0,2.0,2.0,4.0,0.0,0.0,1.0,2.0,0.0,2.0,2.0,0.0,0.0,1.0,2.0,1.0,1.0,0.0,1.0,0.0,1.0,0.0,0.0,3.0,0.0,1.0,1.0,1.0,0.0
77014.0,0.0,0.0,0.0,1.0,0.0,0.0,0.0,0.0,0.0,0.0,0.0,0.0,0.0,0.0,0.0,0.0,0.0,0.0,0.0,0.0,0.0,0.0,1.0,0.0,0.0,0.0,0.0,0.0,0.0,1.0,0.0,0.0,0.0,0.0,0.0,0.0,0.0
77015.0,1.0,0.0,0.0,0.0,0.0,3.0,1.0,4.0,0.0,2.0,5.0,1.0,1.0,2.0,6.0,2.0,2.0,1.0,3.0,2.0,0.0,4.0,1.0,2.0,4.0,0.0,2.0,1.0,0.0,0.0,2.0,1.0,0.0,5.0,0.0,2.0,7.0
77016.0,0.0,0.0,0.0,0.0,2.0,1.0,0.0,0.0,0.0,2.0,4.0,1.0,1.0,8.0,2.0,3.0,2.0,1.0,2.0,1.0,1.0,4.0,2.0,3.0,5.0,7.0,3.0,4.0,8.0,0.0,2.0,0.0,2.0,2.0,1.0,2.0,2.0
77017.0,0.0,2.0,0.0,1.0,0.0,2.0,2.0,3.0,0.0,3.0,1.0,5.0,3.0,5.0,2.0,1.0,3.0,1.0,1.0,0.0,0.0,2.0,4.0,6.0,0.0,6.0,1.0,2.0,1.0,1.0,3.0,0.0,4.0,4.0,0.0,0.0,2.0
77018.0,0.0,0.0,0.0,1.0,0.0,1.0,2.0,0.0,0.0,1.0,1.0,1.0,0.0,2.0,0.0,0.0,0.0,1.0,1.0,2.0,0.0,1.0,0.0,0.0,1.0,2.0,1.0,0.0,0.0,1.0,0.0,0.0,1.0,0.0,0.0,0.0,3.0
77019.0,0.0,0.0,0.0,2.0,1.0,0.0,2.0,0.0,0.0,0.0,3.0,1.0,4.0,3.0,1.0,0.0,5.0,0.0,0.0,1.0,1.0,2.0,1.0,2.0,0.0,0.0,1.0,3.0,2.0,2.0,1.0,0.0,2.0,0.0,2.0,0.0,4.0
77020.0,0.0,0.0,0.0,1.0,6.0,1.0,3.0,1.0,0.0,2.0,4.0,2.0,2.0,2.0,6.0,0.0,3.0,2.0,4.0,0.0,1.0,1.0,1.0,3.0,8.0,8.0,5.0,5.0,6.0,1.0,1.0,1.0,1.0,0.0,4.0,5.0,8.0
77021.0,0.0,0.0,0.0,2.0,2.0,3.0,1.0,2.0,1.0,4.0,3.0,3.0,1.0,4.0,4.0,4.0,4.0,2.0,0.0,1.0,0.0,1.0,3.0,1.0,1.0,3.0,3.0,0.0,1.0,1.0,1.0,2.0,2.0,1.0,4.0,2.0,2.0
77022.0,0.0,0.0,1.0,0.0,0.0,5.0,4.0,2.0,0.0,4.0,1.0,4.0,2.0,4.0,3.0,3.0,1.0,2.0,3.0,0.0,1.0,0.0,0.0,2.0,1.0,0.0,4.0,2.0,0.0,0.0,0.0,3.0,3.0,2.0,2.0,2.0,2.0
77023.0,0.0,0.0,0.0,3.0,14.0,6.0,6.0,7.0,5.0,3.0,3.0,3.0,5.0,7.0,4.0,3.0,1.0,1.0,1.0,0.0,0.0,1.0,3.0,2.0,4.0,5.0,3.0,2.0,6.0,3.0,1.0,0.0,1.0,4.0,3.0,4.0,12.0
77024.0,0.0,0.0,0.0,2.0,1.0,1.0,0.0,1.0,0.0,1.0,0.0,0.0,0.0,1.0,0.0,2.0,0.0,2.0,0.0,0.0,0.0,0.0,0.0,0.0,2.0,0.0,0.0,0.0,1.0,1.0,0.0,0.0,0.0,1.0,2.0,0.0,2.0
77025.0,0.0,0.0,0.0,2.0,0.0,0.0,0.0,0.0,0.0,0.0,2.0,1.0,0.0,3.0,1.0,0.0,4.0,1.0,0.0,1.0,1.0,2.0,2.0,2.0,0.0,1.0,2.0,3.0,3.0,1.0,1.0,0.0,0.0,0.0,0.0,0.0,2.0
77026.0,0.0,0.0,0.0,2.0,2.0,5.0,6.0,5.0,1.0,1.0,3.0,4.0,5.0,5.0,8.0,4.0,0.0,1.0,0.0,0.0,0.0,2.0,3.0,2.0,8.0,6.0,7.0,5.0,4.0,2.0,1.0,1.0,1.0,4.0,2.0,7.0,4.0
77027.0,0.0,0.0,0.0,0.0,0.0,0.0,0.0,0.0,0.0,0.0,0.0,0.0,1.0,2.0,1.0,0.0,0.0,0.0,0.0,0.0,0.0,1.0,0.0,0.0,0.0,0.0,1.0,0.0,1.0,0.0,0.0,0.0,0.0,0.0,1.0,1.0,2.0
77028.0,0.0,0.0,0.0,3.0,1.0,3.0,4.0,2.0,0.0,2.0,2.0,3.0,1.0,2.0,3.0,5.0,2.0,1.0,1.0,1.0,4.0,3.0,5.0,1.0,0.0,1.0,3.0,2.0,2.0,1.0,3.0,0.0,4.0,4.0,3.0,3.0,6.0
77029.0,0.0,0.0,0.0,3.0,0.0,1.0,2.0,0.0,1.0,2.0,2.0,1.0,1.0,2.0,4.0,1.0,2.0,2.0,2.0,1.0,0.0,1.0,0.0,3.0,2.0,2.0,2.0,2.0,1.0,3.0,0.0,0.0,0.0,1.0,1.0,5.0,2.0
77030.0,0.0,0.0,0.0,0.0,1.0,1.0,4.0,0.0,0.0,0.0,0.0,0.0,0.0,1.0,0.0,0.0,2.0,0.0,0.0,0.0,0.0,1.0,1.0,1.0,0.0,0.0,1.0,0.0,1.0,0.0,0.0,0.0,0.0,0.0,0.0,2.0,0.0
77031.0,0.0,0.0,0.0,1.0,0.0,0.0,0.0,0.0,0.0,0.0,1.0,0.0,0.0,0.0,0.0,0.0,1.0,0.0,0.0,1.0,2.0,0.0,3.0,2.0,0.0,1.0,0.0,0.0,1.0,1.0,0.0,1.0,0.0,1.0,0.0,0.0,2.0
77032.0,0.0,0.0,0.0,0.0,0.0,0.0,0.0,0.0,0.0,1.0,0.0,0.0,0.0,0.0,0.0,0.0,0.0,1.0,4.0,0.0,0.0,0.0,0.0,0.0,0.0,0.0,0.0,0.0,0.0,0.0,0.0,0.0,0.0,0.0,0.0,0.0,0.0
77033.0,0.0,0.0,0.0,3.0,2.0,1.0,2.0,2.0,0.0,0.0,6.0,2.0,8.0,4.0,3.0,2.0,1.0,1.0,0.0,3.0,2.0,0.0,0.0,0.0,4.0,0.0,5.0,2.0,0.0,3.0,2.0,1.0,0.0,1.0,2.0,2.0,4.0
77034.0,0.0,0.0,0.0,1.0,0.0,0.0,0.0,0.0,3.0,0.0,5.0,3.0,0.0,2.0,0.0,2.0,0.0,0.0,0.0,1.0,0.0,0.0,1.0,0.0,0.0,2.0,2.0,0.0,3.0,1.0,0.0,1.0,2.0,1.0,1.0,5.0,3.0
77035.0,0.0,0.0,0.0,2.0,3.0,2.0,2.0,1.0,0.0,0.0,0.0,0.0,1.0,3.0,1.0,1.0,2.0,0.0,1.0,4.0,1.0,2.0,4.0,3.0,0.0,3.0,0.0,0.0,1.0,2.0,0.0,1.0,0.0,0.0,0.0,0.0,1.0
77036.0,0.0,0.0,0.0,3.0,1.0,1.0,1.0,0.0,2.0,2.0,2.0,3.0,6.0,4.0,1.0,2.0,1.0,2.0,2.0,0.0,1.0,1.0,5.0,1.0,2.0,3.0,1.0,5.0,1.0,3.0,0.0,1.0,0.0,1.0,2.0,5.0,1.0
77037.0,0.0,0.0,0.0,0.0,1.0,1.0,0.0,2.0,1.0,1.0,0.0,0.0,0.0,0.0,1.0,0.0,1.0,0.0,0.0,0.0,0.0,0.0,0.0,1.0,1.0,0.0,0.0,0.0,1.0,0.0,0.0,0.0,0.0,0.0,0.0,0.0,0.0
77038.0,0.0,0.0,0.0,0.0,0.0,0.0,0.0,0.0,0.0,0.0,0.0,0.0,0.0,0.0,0.0,0.0,0.0,0.0,0.0,0.0,0.0,0.0,1.0,0.0,0.0,1.0,0.0,0.0,0.0,0.0,0.0,0.0,0.0,0.0,0.0,0.0,1.0
77040.0,0.0,0.0,0.0,1.0,1.0,0.0,0.0,0.0,0.0,1.0,2.0,2.0,0.0,3.0,0.0,1.0,0.0,0.0,1.0,2.0,1.0,1.0,2.0,0.0,4.0,0.0,2.0,0.0,1.0,1.0,0.0,0.0,1.0,1.0,2.0,0.0,2.0
77041.0,0.0,0.0,0.0,0.0,3.0,1.0,1.0,0.0,0.0,0.0,0.0,1.0,1.0,0.0,1.0,2.0,0.0,0.0,0.0,0.0,0.0,2.0,0.0,0.0,2.0,0.0,0.0,1.0,1.0,0.0,1.0,0.0,0.0,0.0,0.0,1.0,2.0
77042.0,0.0,0.0,0.0,0.0,1.0,2.0,1.0,1.0,1.0,1.0,1.0,0.0,0.0,4.0,1.0,3.0,3.0,3.0,0.0,0.0,1.0,0.0,1.0,0.0,1.0,3.0,0.0,1.0,0.0,0.0,1.0,2.0,0.0,1.0,1.0,3.0,0.0
77043.0,0.0,0.0,0.0,0.0,0.0,1.0,0.0,0.0,0.0,0.0,0.0,0.0,0.0,0.0,1.0,0.0,2.0,0.0,0.0,0.0,0.0,0.0,0.0,0.0,0.0,1.0,1.0,1.0,0.0,0.0,0.0,0.0,0.0,1.0,0.0,0.0,4.0
77044.0,0.0,0.0,0.0,0.0,0.0,0.0,0.0,0.0,0.0,0.0,0.0,0.0,0.0,0.0,0.0,0.0,0.0,0.0,0.0,0.0,1.0,0.0,0.0,0.0,0.0,0.0,0.0,0.0,0.0,0.0,0.0,0.0,0.0,0.0,0.0,0.0,0.0
77045.0,0.0,0.0,0.0,3.0,1.0,0.0,1.0,0.0,1.0,0.0,0.0,0.0,4.0,1.0,5.0,2.0,0.0,0.0,0.0,0.0,1.0,1.0,0.0,3.0,0.0,3.0,0.0,1.0,2.0,2.0,1.0,0.0,1.0,1.0,0.0,1.0,2.0
77047.0,0.0,0.0,0.0,0.0,3.0,1.0,1.0,1.0,0.0,1.0,1.0,4.0,0.0,1.0,0.0,1.0,0.0,1.0,0.0,1.0,0.0,1.0,0.0,1.0,1.0,1.0,0.0,0.0,0.0,0.0,2.0,0.0,0.0,2.0,0.0,0.0,1.0
77048.0,0.0,0.0,0.0,1.0,3.0,1.0,0.0,0.0,0.0,2.0,3.0,1.0,3.0,0.0,4.0,3.0,0.0,0.0,0.0,1.0,0.0,1.0,0.0,1.0,1.0,1.0,0.0,1.0,1.0,0.0,0.0,0.0,1.0,1.0,1.0,1.0,4.0
77049.0,0.0,0.0,0.0,0.0,0.0,0.0,1.0,0.0,0.0,1.0,1.0,0.0,0.0,0.0,0.0,0.0,0.0,0.0,0.0,0.0,0.0,0.0,0.0,0.0,1.0,0.0,0.0,0.0,0.0,0.0,0.0,0.0,0.0,0.0,0.0,0.0,0.0
77050.0,0.0,0.0,0.0,0.0,0.0,0.0,0.0,0.0,0.0,0.0,0.0,0.0,0.0,0.0,0.0,0.0,0.0,0.0,0.0,0.0,0.0,1.0,1.0,0.0,0.0,0.0,0.0,0.0,1.0,0.0,0.0,0.0,0.0,0.0,0.0,2.0,0.0
77051.0,0.0,0.0,0.0,2.0,1.0,2.0,2.0,2.0,0.0,1.0,2.0,0.0,1.0,2.0,4.0,0.0,1.0,0.0,0.0,0.0,0.0,1.0,1.0,1.0,0.0,1.0,4.0,1.0,3.0,2.0,2.0,1.0,1.0,1.0,1.0,4.0,6.0
77053.0,0.0,0.0,0.0,0.0,2.0,0.0,0.0,2.0,0.0,2.0,1.0,1.0,0.0,4.0,4.0,4.0,2.0,0.0,2.0,1.0,1.0,0.0,8.0,5.0,2.0,0.0,0.0,1.0,4.0,0.0,1.0,0.0,2.0,1.0,2.0,3.0,5.0
77054.0,0.0,0.0,0.0,0.0,2.0,0.0,0.0,0.0,2.0,1.0,0.0,0.0,0.0,0.0,0.0,0.0,1.0,0.0,0.0,1.0,0.0,0.0,0.0,1.0,0.0,0.0,1.0,0.0,0.0,0.0,0.0,0.0,1.0,0.0,0.0,0.0,4.0
77055.0,0.0,0.0,0.0,4.0,1.0,1.0,1.0,3.0,1.0,1.0,1.0,3.0,2.0,0.0,4.0,4.0,1.0,0.0,3.0,1.0,4.0,5.0,3.0,2.0,3.0,2.0,0.0,8.0,2.0,4.0,0.0,0.0,1.0,1.0,2.0,2.0,1.0
77056.0,0.0,0.0,0.0,0.0,0.0,0.0,0.0,1.0,0.0,0.0,0.0,0.0,0.0,1.0,0.0,0.0,2.0,0.0,0.0,0.0,0.0,0.0,2.0,0.0,0.0,1.0,0.0,2.0,1.0,0.0,0.0,0.0,0.0,0.0,0.0,1.0,2.0
77057.0,0.0,0.0,0.0,0.0,0.0,1.0,1.0,1.0,0.0,1.0,0.0,1.0,0.0,2.0,2.0,1.0,2.0,0.0,1.0,2.0,4.0,1.0,2.0,2.0,1.0,3.0,2.0,0.0,2.0,0.0,2.0,0.0,2.0,4.0,1.0,2.0,3.0
77058.0,0.0,0.0,0.0,0.0,0.0,0.0,0.0,0.0,0.0,0.0,0.0,0.0,0.0,0.0,0.0,0.0,0.0,0.0,0.0,0.0,0.0,0.0,0.0,0.0,0.0,1.0,0.0,0.0,0.0,0.0,0.0,0.0,0.0,0.0,0.0,0.0,1.0
77060.0,0.0,0.0,0.0,0.0,4.0,1.0,1.0,1.0,3.0,2.0,1.0,0.0,0.0,3.0,0.0,0.0,0.0,0.0,1.0,1.0,0.0,0.0,4.0,1.0,2.0,4.0,0.0,1.0,2.0,0.0,1.0,2.0,0.0,0.0,1.0,0.0,0.0
77061.0,0.0,0.0,0.0,0.0,4.0,1.0,0.0,1.0,1.0,0.0,3.0,0.0,3.0,0.0,2.0,0.0,1.0,1.0,0.0,0.0,0.0,1.0,0.0,1.0,2.0,1.0,0.0,0.0,0.0,0.0,0.0,0.0,0.0,1.0,2.0,1.0,2.0
77063.0,0.0,0.0,0.0,0.0,1.0,0.0,1.0,1.0,1.0,1.0,0.0,1.0,1.0,0.0,3.0,1.0,4.0,1.0,2.0,2.0,1.0,1.0,0.0,2.0,5.0,0.0,0.0,5.0,3.0,0.0,0.0,1.0,0.0,1.0,1.0,0.0,2.0
77067.0,0.0,0.0,0.0,0.0,0.0,0.0,0.0,0.0,0.0,0.0,0.0,0.0,0.0,0.0,1.0,1.0,0.0,0.0,1.0,0.0,0.0,0.0,0.0,0.0,0.0,0.0,0.0,0.0,0.0,0.0,0.0,1.0,1.0,4.0,0.0,0.0,0.0
77070.0,0.0,0.0,0.0,0.0,0.0,0.0,0.0,0.0,0.0,0.0,0.0,1.0,0.0,0.0,1.0,0.0,0.0,0.0,0.0,0.0,0.0,0.0,0.0,0.0,0.0,0.0,0.0,0.0,1.0,0.0,0.0,0.0,0.0,0.0,0.0,0.0,0.0
77071.0,0.0,0.0,0.0,2.0,1.0,2.0,1.0,2.0,1.0,1.0,1.0,5.0,2.0,0.0,2.0,3.0,1.0,1.0,0.0,0.0,1.0,1.0,3.0,2.0,1.0,2.0,0.0,2.0,1.0,2.0,0.0,0.0,1.0,0.0,0.0,1.0,0.0
77072.0,0.0,0.0,0.0,1.0,5.0,2.0,1.0,1.0,0.0,1.0,4.0,4.0,5.0,4.0,8.0,1.0,2.0,2.0,1.0,2.0,2.0,5.0,5.0,2.0,5.0,2.0,5.0,2.0,1.0,1.0,1.0,2.0,1.0,4.0,0.0,1.0,4.0
77074.0,0.0,0.0,0.0,0.0,2.0,1.0,2.0,0.0,2.0,2.0,3.0,0.0,2.0,2.0,4.0,2.0,0.0,0.0,1.0,1.0,0.0,1.0,2.0,2.0,2.0,1.0,0.0,1.0,0.0,0.0,0.0,0.0,0.0,0.0,2.0,1.0,0.0
77075.0,0.0,0.0,0.0,1.0,0.0,0.0,0.0,0.0,1.0,1.0,0.0,3.0,1.0,1.0,4.0,1.0,3.0,0.0,0.0,1.0,0.0,1.0,3.0,1.0,2.0,2.0,0.0,2.0,3.0,1.0,0.0,3.0,1.0,1.0,0.0,2.0,3.0
77076.0,0.0,0.0,0.0,1.0,1.0,0.0,2.0,0.0,1.0,1.0,1.0,2.0,3.0,1.0,5.0,2.0,1.0,1.0,1.0,0.0,1.0,1.0,5.0,2.0,1.0,4.0,3.0,2.0,1.0,1.0,0.0,2.0,0.0,4.0,1.0,3.0,1.0
77077.0,0.0,0.0,0.0,0.0,2.0,1.0,1.0,0.0,1.0,0.0,1.0,0.0,2.0,4.0,0.0,2.0,3.0,0.0,1.0,0.0,2.0,1.0,2.0,3.0,2.0,0.0,1.0,1.0,2.0,0.0,3.0,0.0,1.0,1.0,1.0,0.0,4.0
77078.0,0.0,0.0,0.0,0.0,2.0,1.0,0.0,0.0,4.0,0.0,1.0,0.0,4.0,0.0,3.0,0.0,0.0,0.0,1.0,0.0,0.0,1.0,2.0,0.0,2.0,0.0,0.0,3.0,0.0,0.0,0.0,1.0,0.0,1.0,2.0,2.0,1.0
77079.0,0.0,0.0,0.0,0.0,1.0,1.0,2.0,2.0,1.0,2.0,1.0,1.0,1.0,1.0,2.0,0.0,1.0,0.0,0.0,0.0,3.0,0.0,1.0,2.0,2.0,0.0,0.0,0.0,0.0,0.0,0.0,1.0,0.0,0.0,2.0,0.0,3.0
77080.0,0.0,0.0,0.0,2.0,0.0,0.0,1.0,1.0,0.0,0.0,1.0,2.0,5.0,4.0,1.0,0.0,3.0,2.0,2.0,1.0,1.0,1.0,0.0,0.0,3.0,2.0,4.0,2.0,2.0,0.0,1.0,0.0,2.0,3.0,1.0,2.0,1.0
77081.0,0.0,0.0,0.0,1.0,2.0,3.0,1.0,1.0,0.0,2.0,3.0,1.0,3.0,5.0,2.0,0.0,3.0,0.0,0.0,1.0,3.0,2.0,0.0,1.0,0.0,3.0,2.0,1.0,0.0,0.0,0.0,2.0,0.0,1.0,2.0,1.0,0.0
77082.0,1.0,0.0,0.0,2.0,1.0,0.0,2.0,2.0,0.0,1.0,1.0,1.0,0.0,2.0,1.0,1.0,0.0,3.0,1.0,2.0,1.0,0.0,1.0,6.0,0.0,0.0,1.0,0.0,0.0,0.0,0.0,2.0,3.0,4.0,3.0,0.0,2.0
77083.0,0.0,0.0,0.0,0.0,0.0,0.0,0.0,0.0,0.0,1.0,0.0,0.0,0.0,0.0,0.0,0.0,1.0,0.0,0.0,0.0,0.0,0.0,0.0,0.0,0.0,0.0,0.0,0.0,0.0,0.0,1.0,0.0,1.0,0.0,0.0,1.0,0.0
77084.0,0.0,0.0,0.0,0.0,0.0,0.0,0.0,0.0,0.0,0.0,0.0,0.0,0.0,0.0,0.0,0.0,0.0,0.0,0.0,0.0,0.0,0.0,1.0,0.0,0.0,0.0,0.0,0.0,0.0,0.0,0.0,0.0,0.0,0.0,0.0,0.0,1.0
77085.0,0.0,0.0,0.0,0.0,1.0,1.0,1.0,0.0,0.0,0.0,0.0,1.0,0.0,0.0,1.0,2.0,0.0,1.0,0.0,0.0,1.0,0.0,2.0,2.0,0.0,0.0,3.0,0.0,0.0,0.0,0.0,0.0,0.0,1.0,0.0,1.0,0.0
77087.0,0.0,0.0,0.0,3.0,1.0,2.0,1.0,4.0,2.0,4.0,2.0,0.0,1.0,4.0,2.0,5.0,2.0,0.0,0.0,4.0,3.0,3.0,1.0,1.0,4.0,1.0,2.0,4.0,2.0,3.0,2.0,3.0,3.0,3.0,1.0,2.0,3.0
77088.0,0.0,0.0,0.0,0.0,1.0,3.0,2.0,4.0,0.0,1.0,3.0,4.0,2.0,3.0,1.0,5.0,1.0,1.0,1.0,0.0,1.0,1.0,0.0,3.0,1.0,6.0,3.0,0.0,2.0,0.0,4.0,0.0,3.0,2.0,1.0,4.0,7.0
77089.0,0.0,0.0,0.0,0.0,4.0,0.0,0.0,0.0,0.0,0.0,1.0,1.0,0.0,1.0,1.0,0.0,0.0,0.0,2.0,0.0,0.0,0.0,2.0,1.0,2.0,4.0,1.0,0.0,0.0,0.0,0.0,1.0,0.0,2.0,0.0,0.0,4.0
77091.0,0.0,0.0,0.0,2.0,1.0,1.0,0.0,1.0,1.0,1.0,1.0,0.0,2.0,0.0,1.0,2.0,2.0,0.0,3.0,1.0,0.0,1.0,3.0,3.0,2.0,2.0,4.0,2.0,2.0,2.0,3.0,0.0,2.0,0.0,1.0,1.0,0.0
77092.0,0.0,0.0,0.0,4.0,2.0,2.0,1.0,1.0,1.0,4.0,3.0,0.0,1.0,6.0,5.0,2.0,2.0,3.0,0.0,0.0,1.0,1.0,2.0,1.0,2.0,0.0,4.0,1.0,6.0,4.0,2.0,3.0,0.0,2.0,0.0,0.0,3.0
77093.0,0.0,0.0,0.0,4.0,4.0,8.0,6.0,4.0,0.0,3.0,2.0,1.0,3.0,2.0,1.0,4.0,0.0,0.0,1.0,0.0,1.0,2.0,1.0,3.0,3.0,0.0,1.0,5.0,11.0,3.0,0.0,0.0,1.0,2.0,3.0,3.0,0.0
77096.0,0.0,0.0,0.0,3.0,0.0,0.0,0.0,1.0,1.0,0.0,1.0,2.0,1.0,2.0,0.0,0.0,2.0,0.0,0.0,0.0,0.0,0.0,1.0,7.0,2.0,0.0,0.0,1.0,2.0,3.0,1.0,0.0,2.0,1.0,0.0,1.0,1.0
77098.0,0.0,0.0,0.0,2.0,0.0,0.0,0.0,0.0,0.0,1.0,0.0,0.0,1.0,1.0,2.0,1.0,2.0,2.0,0.0,1.0,0.0,3.0,2.0,0.0,1.0,3.0,0.0,1.0,1.0,2.0,0.0,0.0,0.0,0.0,0.0,0.0,0.0
77099.0,0.0,0.0,0.0,2.0,4.0,0.0,1.0,1.0,0.0,0.0,1.0,1.0,1.0,0.0,4.0,4.0,2.0,0.0,0.0,0.0,2.0,1.0,3.0,2.0,2.0,2.0,0.0,3.0,2.0,2.0,0.0,0.0,0.0,5.0,2.0,3.0,3.0
77336.0,0.0,0.0,0.0,0.0,7.0,1.0,1.0,0.0,0.0,3.0,0.0,0.0,0.0,0.0,0.0,0.0,0.0,0.0,1.0,0.0,0.0,0.0,0.0,0.0,0.0,0.0,0.0,0.0,0.0,0.0,0.0,0.0,0.0,0.0,0.0,1.0,1.0
77338.0,0.0,0.0,0.0,0.0,0.0,0.0,0.0,0.0,0.0,0.0,0.0,0.0,0.0,0.0,1.0,0.0,0.0,0.0,0.0,0.0,0.0,0.0,0.0,0.0,0.0,0.0,0.0,0.0,0.0,0.0,0.0,0.0,0.0,0.0,0.0,0.0,0.0
77339.0,0.0,0.0,0.0,0.0,0.0,0.0,0.0,0.0,1.0,1.0,0.0,0.0,0.0,1.0,0.0,1.0,0.0,1.0,1.0,0.0,1.0,1.0,0.0,1.0,1.0,0.0,0.0,0.0,1.0,0.0,0.0,0.0,2.0,3.0,1.0,0.0,1.0
77345.0,0.0,0.0,0.0,0.0,2.0,0.0,0.0,0.0,0.0,0.0,0.0,0.0,0.0,1.0,0.0,0.0,1.0,0.0,0.0,0.0,0.0,0.0,0.0,3.0,1.0,0.0,0.0,0.0,0.0,0.0,0.0,0.0,0.0,0.0,0.0,0.0,0.0
77365.0,0.0,0.0,0.0,0.0,0.0,0.0,0.0,0.0,0.0,0.0,0.0,0.0,0.0,0.0,1.0,0.0,0.0,0.0,0.0,0.0,0.0,0.0,0.0,0.0,0.0,0.0,0.0,0.0,0.0,0.0,0.0,0.0,0.0,0.0,0.0,0.0,0.0
77396.0,0.0,0.0,0.0,0.0,0.0,0.0,2.0,0.0,0.0,1.0,0.0,1.0,1.0,1.0,0.0,0.0,1.0,0.0,0.0,0.0,1.0,1.0,1.0,0.0,0.0,1.0,0.0,0.0,1.0,0.0,0.0,0.0,1.0,0.0,0.0,0.0,0.0
77406.0,0.0,0.0,0.0,0.0,0.0,0.0,0.0,0.0,0.0,0.0,0.0,0.0,0.0,0.0,0.0,0.0,0.0,0.0,0.0,0.0,0.0,0.0,0.0,0.0,0.0,0.0,0.0,0.0,0.0,0.0,0.0,0.0,0.0,0.0,1.0,0.0,0.0
77477.0,0.0,0.0,0.0,1.0,0.0,0.0,0.0,0.0,0.0,0.0,0.0,0.0,0.0,0.0,0.0,0.0,0.0,1.0,0.0,0.0,0.0,0.0,0.0,0.0,0.0,0.0,0.0,0.0,0.0,1.0,0.0,0.0,0.0,0.0,0.0,0.0,0.0
77478.0,0.0,0.0,0.0,0.0,0.0,0.0,0.0,0.0,0.0,0.0,0.0,0.0,0.0,0.0,0.0,0.0,0.0,0.0,1.0,0.0,0.0,0.0,0.0,0.0,0.0,0.0,0.0,0.0,0.0,0.0,0.0,0.0,0.0,0.0,0.0,0.0,0.0
77489.0,0.0,0.0,0.0,3.0,2.0,1.0,0.0,1.0,3.0,0.0,0.0,1.0,0.0,3.0,2.0,4.0,2.0,1.0,0.0,1.0,1.0,1.0,3.0,4.0,0.0,2.0,2.0,1.0,1.0,3.0,2.0,1.0,0.0,2.0,0.0,1.0,0.0
77546.0,0.0,0.0,0.0,0.0,0.0,0.0,0.0,0.0,0.0,0.0,0.0,0.0,0.0,0.0,0.0,0.0,0.0,0.0,0.0,0.0,0.0,0.0,0.0,1.0,0.0,0.0,0.0,0.0,0.0,0.0,0.0,0.0,0.0,0.0,0.0,0.0,0.0
77587.0,0.0,0.0,0.0,0.0,0.0,0.0,0.0,0.0,0.0,0.0,0.0,0.0,0.0,0.0,0.0,0.0,0.0,0.0,0.0,0.0,0.0,0.0,0.0,0.0,0.0,0.0,0.0,0.0,0.0,0.0,0.0,1.0,0.0,0.0,0.0,0.0,0.0
77598.0,0.0,0.0,0.0,1.0,0.0,0.0,1.0,0.0,1.0,1.0,0.0,1.0,2.0,0.0,0.0,0.0,0.0,0.0,1.0,1.0,0.0,0.0,0.0,0.0,0.0,0.0,2.0,0.0,0.0,1.0,0.0,0.0,0.0,0.0,0.0,0.0,0.0
